id_entreprise,name,sector,city,country,website,email,revenue,enrollment,average,salary,description,message
abmi,ABMI,Audit & Conseil,Lyon,France,http://www.abmi-groupe.com,secretariat-lyon@abmi-groupe.com,50 M€,700,35,31 000 - 33 500€,"Le Groupe ABMI se situe parmi les entreprises leaders en ingénierie et services en apportant une solution globale à la fois économique, technique et humaine aux problématiques de développement de l'industrie. 
Depuis 1984, son expertise et ses compétences sont reconnues des grands groupes industriels dans de multiples secteurs tels que les transports, l'industrie pharmaceutique, l'énergie et le nucléaire, l'environnement et le traitement de l'eau ou les biens d'équipement et de consommation...
",
abylsen,Abylsen,Audit & Conseil,Lyon,France,http://www.abylsen.com/fr,eugenie.dehau@abylsen.com,75 M€,920,28,28 000€,"ABYLSEN (11 sociétés, 920 personnes en France et en Europe, 75 M€ de CA), est une société de Conseil en Ingénierie et Nouvelles Technologies. 
Elle a été créée par plusieurs entrepreneurs et née d'une ambition commune de développement à la maille des grandes Régions européennes. 
Depuis 2005, le Groupe concourt à l'innovation et à la performance des Entreprises en apportant l'expertise en ingénierie de technologies dont elles ont besoin dans leurs projets de transformation.

",
accenture,Accenture,Audit & Conseil,Paris,France,http://recrute.accenture.fr,campus.france@accenture.com,"32,9 Md€",380000,32,,"Référence mondiale du conseil et des technologies, Accenture accompagne les plus grands groupes internationaux dans leur transformation, de la stratégie à la mise en œuvre. A l’heure des révolutions liées au digital (e-commerce, cloud computing, data analytics, mobilité…), nous combinons nos expertises en stratégie, conseil, digital, technologie et gestion déléguée d’opérations pour aider nos clients à renforcer leur performance et créer de la valeur sur le long terme. ","En débutant votre carrière chez Accenture, vous aurez l'opportunité de donner le meilleur de vous-même au cœur des plus prestigieux projets de transformation digitale de nos clients, et de développer votre potentiel sur des sujets innovants.
Rencontrez les anciens de votre école pour échanger autour de leur métier et de leur cadre de travail ou pour obtenir des conseils en vue de vos entretiens. Rendez-vous lors du forum sur notre stand et retrouvez-nous sur les réseaux sociaux !
"
akka,Akka technologies,Audit & Conseil,Paris,France,http://www.akka-technologies.com,anne.chamarande@akka.eu,1 Md€,12500,33,32 000€ - 40 000€,"AKKA Technologies, spécialiste du Conseil et Ingénierie en Hautes Technologies, plus de 12500 consultants, participe aux grands projets industriels. Nous accompagnons nos clients dans leurs processus d'innovation et d'amélioration de la productivité. Notre capacité d'anticipation nous permet aujourd'hui de répondre de manière concrète aux nouveaux enjeux du marché - intervention sur des projets globaux dans un contexte de mondialisation. 
",
alten,Alten,Conseil & Ingénierie,Paris,France,http://www.altenrecrute.fr,,"1,54 Md€",22900,31,,"ALTEN, leader mondial de l’Ingénierie et du Conseil en Technologies, accompagne la stratégie de développement de ses clients dans les domaines de l’innovation, de la R&D et des systèmes d’information technologiques.

L’activité d’ALTEN s’articule autour de trois métiers :
-	L’ingénierie et le Conseil en Technologies
-	Les Réseaux Télécoms et Multimédia
-	Les Systèmes d’Information Technologiques",
altersol,Alter solutions engineering,Conseil & Ingénierie,Versailles,France,http://www.alter-solutions.com,contact@alter-solutions.com,20 M€,300,,,"ALTER SOLUTIONS ENGINEERING, créée en 2006, est une société de conseil en hautes technologies qui a pour vocation d’accompagner ses clients (Energies, Automobile, Ferroviaire, Aéronautique/Défense/Spatial, IT) dans la réalisation de leur projets techniques en proposant des modes d’intervention sur-mesure et des outils innovants.

En 2016, Alter Solutions Engineering c’est notamment :
¤ 300 collaborateurs
¤ 20 M € de CA et 20% de croissance
¤ Des bureaux en France, Belgique, Portugal et Suisse",
altran,Altran,Audit & Conseil,Versailles,France ,http://WWW.ALTRAN.COM,,1945 M€,28000,,,"Leader mondial du conseil et services R&D, Altran (28 000 collaborateurs dans le monde, 10 000 en France), propose à ses clients depuis 30 ans d’innover autrement en les aidant à développer ou à développer pour eux les produits et les services de demain : IoT, BI Big Data, Autonomous Driving, Ingénierie système, développement software, cybersécurité, architecture d'entreprise, e-santé...",
amaris,Amaris,"Informatique, Télécommunication, Électronique",Lyon,France,http://www.amaris.com/,,140 M€,2600,27,,"
Amaris est un cabinet indépendant et international de Conseil en Management et Technologies créé en 2007 à l’esprit de start-up. Présent dans plus de 45 pays, le groupe accompagne ses clients tout au long du cycle de réalisation de leurs projets. Amaris agit sur l’organisation, les systèmes d’information et technologies de ses entreprises partenaires afin de leur permettre d’atteindre leurs objectifs et d’améliorer leurs performances.

",
amiltone,Amiltone,"Informatique, Édition de logiciels, Services de l'information",Lyon,France,http://www.amiltone.com,contact@amiltone.com,8 M€,150,28,,"Amiltone est une société de conseil et d'ingénierie spécialisée dans les nouvelles technologies. Nous accompagnons les grands groupes industriels et tertiaires dans leurs changements fonctionnels et techniques.
Notre environnement de travail, permet l’amélioration continue, encourage et permet à chacun d’exprimer son potentiel. 
Notre expertise : les nouvelles technologies, la mobilité et la Business Intelligence.",
anrt,Anrt/cifre,Industrie,,France ,http://www.anrt.asso.fr,cifre@anrt.asso.fr,,30,,,"Depuis plus de 30 ans, le dispositif CIFRE - Conventions Industrielles de Formation par la REcherche - subventionne toute entreprise de droit français qui embauche un doctorant pour le placer au cœur d'une collaboration de recherche avec un laboratoire public. Les travaux aboutiront à la soutenance d'une thèse en trois ans.
Les CIFRE sont intégralement financées par le ministère de l'Enseignement supérieur et de la Recherche qui en a confié la mise en œuvre à l'ANRT.",
anssi,ANSSI,"Informatique, Télécommunication, Électronique",Paris,France ,http://ssi.gouv.fr,recrutement@ssi.gouv.fr,,500,,,Agence Nationale de la Sécurité des Systèmes d'Information,
apave,Apave sudeurope,Industrie,Lyon,France,http://www.apave-recrutement.com/,tassin.annonce@apave.com,843 M€,10860,35,30000€ - 35000€,"La mission d’Apave : accompagner les entreprises et les collectivités dans leur volonté de maîtriser les risques techniques, humains et environnementaux. A travers cinq métiers et une offre complète de prestations de services, les équipes Apave contribuent, chaque jour, à améliorer la sécurité des hommes et des biens

Les métiers d'Apave : 
- Inspection 
- Bâtiment  
- Formation  
- Essais et Mesures 
- Conseil ",
arkema,Arkema,"Energie, Environnement, Chimie",Paris,France,http://arkema.com,careers@arkema.com,"7,1 Md€",19000,,39 000€,"Designer de matériaux et de solutions innovantes, Arkema modèle la matière et accélère la performance de ses clients pour créer de nouveaux usages dans l’allègement et le design des matériaux, les produits bio-sourcés, les énergies nouvelles, la gestion de l’eau, les solutions pour l’électronique et la performance et l’isolation de l’habitat.

Acteur majeur de la chimie de spécialités, avec 3 pôles d'activités, Matériaux Haute Performance, Spécialités Industrielles, Coating Solutions, et des marques mondialement reconnues, le Groupe réalise un chiffre d'affaires de 7,7 milliards d'euros. Porté par l'énergie collective de ses 19 000 collaborateurs, Arkema est présent dans près de 50 pays.","Depuis 10 ans, Arkema écrit une histoire industrielle intense, où les hommes et les femmes jouent le rôle principal, chacun dans leur métier. Le Groupe s'appuie partout dans le monde sur des équipes dotées d'un haut niveau de technicité, de professionnalisme et de performance.

Arkema fait le pari de valoriser ses talents, nous avons besoin de vous pour nourrir cette énergie collective. Venez rejoindre une équipe où vous aurez un impact !"
assystem,Assystem,Audit & Conseil,Versailles,France,http://www.assystem.com,,900 M€,12000,,,"Assystem est un groupe international d’Ingénierie et de conseil en innovation.

Au cœur de l’industrie depuis cinquante ans, le groupe accompagne ses clients dans le développement de leurs produits et dans la maîtrise de leurs investissements industriels tout au long du cycle de vie. 

Nous développons et intégrons des technologies pour des produits innovants, des processus de production et des infrastructures de pointe pour accompagner nos partenaires dans le déploiement de leurs projets.",
astek,Astek,"Informatique, Télécommunication, Électronique",,France,http://blog.groupeastek.com,candidature_spontanée@astek.fr,185 M€,2500,,,"Astek est un groupe français indépendant, créé en 1988 par Jean-Luc Bernard, diplômé de l'Ecole Polytechnique. 

Devenu un acteur majeur du service informatique, Astek réunit 2500 collaborateurs et réalise un chiffre d’affaires de 185 M€. 

Les expertises techniques et fonctionnelles du groupe s’articulent autour de trois grands métiers : conseil, systèmes d’information & ingénierie scientifique et technique.
",
atlanticinge,Atlantic ingenierie,"Energie, Environnement, Chimie",Nantes,France,http://www.atlantic-ingenierie.com,,15 M€,180,30,35 000 €,"Créée en 2001, Atlantic Ingénierie est une société en plein développement dans le domaine de l'Ingénierie.
Nos clients sont des acteurs majeurs du monde de l'Energie.
Nous intervenons sur des prestations techniques dans le cadre de nos 3 activités : Projet & Expertise, Réseaux et Industrie (Oil & Gas, Thermique et Nucléaire), en France et à l'International.
",
ausy,Ausy,"Informatique, Édition de logiciels, Services de l'information",Paris,France,http://ausy.fr,drh@ausy.fr,"394,3 M€",4500,,,"AUSY est un groupe international de Conseil et d'Ingénierie en Hautes Technologies dont le business model est fondé sur une forte culture de l'innovation associée à une complémentarité métier entre systèmes d'information et systèmes  industriels complexes. En 2015, AUSY a réalisé un chiffre d'affaires de 394,3M€ et emploie plus de 4 500 collaborateurs sur plus de cinquante sites, en Europe, aux Etats-Unis et en Asie.
Pour plus d'informations : www.ausy.com
","Choisir AUSY, société cotée en Bourse, certifiée ISO 9001, ISO 27001 et CMMI 3, c’est rejoindre une entreprise de plus de 4500 personnes implantée en France et à l'international (Europe, Inde, Etats-Unis).
AUSY s’est imposé auprès d’une clientèle grands comptes dans les secteurs industriels (aéronautique, spatial, défense, télécom, etc) et tertiaires (banques, assurances, retraites, etc).

AUSY a su se démarquer en développant ses activités autour d’une triple spécialisation : les SI, les systèmes industriels complexes et les systèmes pour l’énergie.

Nos clients nous intègrent très en amont sur leurs projets. Pour assurer le service le mieux adapté à leurs besoins, nous développons une offre de services avec une politique forte d’engagement.

Rejoignez-nous!"
beijaflore,Beijaflore,Audit & Conseil,Paris,France,http://www.beijaflore.com/,accueil396@beijaflore.com,75 M€,850,,,"Créé en 2000, Beijaflore est un cabinet de conseil qui compte aujourd’hui près de 850 collaborateurs. Nous sommes présents en France, en Belgique et au Brésil, et de nouvelles ouvertures sont prévues prochainement. Beijaflore conseille les directions métiers et les directions des systèmes d’information des grands comptes dans leurs projets d’évolution.
",
biomerieux,Biomérieux,Industrie,Marcy L'Etoile,France,http://www.biomerieux.com/fr,,"1,965 Md€",10000,,,"Acteur mondial du diagnostic in vitro depuis plus de 50 ans, bioMérieux est présente dans plus de 150 pays au travers de 42 filiales et d’un large réseau de distributeurs.  Nous proposons à nos clients des solutions de diagnostic qui déterminent l’origine d’une maladie ou d’une contamination pour améliorer la santé des patients et assurer la sécurité des consommateurs.
Dans un monde en constante mutation, notre Groupe conserve un modèle familial et indépendant, à l’esprit humaniste.  ",
bobst,Bobst,Industrie,Lyon,France,http://www.bobst.com,Bobst.accueil@bobst.com,,5000,,,"BOBST Lyon est le premier fournisseur mondial d'équipements et de services destinés aux fabricants d'emballages des industries  du carton ondulé.
Avec près d'un siècle d’expérience, c'est une référence internationale en matière de machines de transformation de carton ondulé associant les process d’impression, de découpe, de pliage et de collage. BOBST est considéré comme un partenaire de confiance, tourné vers l'innovation.",
bouygues,Bouygues construction,BTP,Versailles,France,http://carrieres.bouygues-construction.com,,12 Md€,50000,,,"Acteur global de la construction présent dans plus de 80 pays, Bouygues Construction conçoit, réalise et exploite des projets dans les secteurs du bâtiment, des infrastructures et de l’industrie.",
bureaualpes,Bureau alpes controles,BTP,Annecy,France,http://alpes-controles.fr,,30 M€,380,34,30 000€ - 33 000€,"Alpes Contrôles est une ""société d'ingénieurs"" qui a la culture de la compétence, de l'honnêteté et de la qualité des prestations. Son développement relève d'une volonté de structuration, de qualité des prestations, d'accompagnement de ses clients et partenaires.
En nous rejoignant, vous exercerez votre métier dans des conditions de respect de votre travail et d'épanouissement personnel.","« La formation et le tutorat individualisé dont vous bénéficierez vous permettront d’acquérir progressivement autonomie et confiance dans notre métier. Désireux d’apporter une vision différente du monde du travail, nous proposons à nos collaborateurs d’être les acteurs de notre développement.
Par notre politique sociale humaniste et innovante, nous favoriserons également votre épanouissement professionnel et veillerons à vous
proposer une évolution de carrière correspondant à vos aspirations.»
Michel Vignoud, Président"
businessfrance,Business France,Administration,Paris,France,http://civiweb.com,info@civiweb.com,,,,,"Business France est l’agence nationale au service de l’internationalisation de l’économie française. Elle gère et développe le V.I.E (Volontariat International en Entreprise). Le V.I.E est une formule qui offre aux filles et garçons de 18 à 28 ans, la possibilité de vivre une expérience professionnelle à l’étranger tout en renforçant le développement économique, scientifique et culturel de la France. Le V.I.E est une est une excellente formule pour démarrer une carrière à l'international. 

",
capgemini,Capgemini,"Informatique, Édition de logiciels, Services de l'information",Paris,France,http://fr.capgemini.com,recrutement.ts.fr@capgemini.com,"11,9 Md€",180000,37,,"Le web, le digital et « l'expérience client » se sont imposés dans tous les secteurs et sont au cœur des nouvelles stratégies de développement des entreprises. Capgemini, un des leaders mondiaux et numéro 1 en France dans le secteur des services informatiques, de l’infogérance et du conseil, accompagne ses clients dans la grande aventure de la transformation digitale. 
","Rejoindre Capgemini aujourd’hui, c’est intégrer une entreprise dynamique, pour mener des missions innovantes dans un contexte international. C’est aussi la possibilité de mener sa carrière au sein d’un grand groupe dans un esprit entrepreneurial, en bénéficiant d’un parcours de formation adapté et d’un encadrement de proximité ; Capgemini est une entreprise de dimension internationale avec des valeurs fortes et surtout, une entreprise en mutation constante qui se réinvente à tout moment pour aller de l’avant.
Alors n’hésitez plus, venez nous rencontrer et #rejoigneznouschezCapgemini !
"
cgi,CGI,"Informatique, Télécommunication, Électronique",Paris,France ,http://www.cgi-recrute.fr,florence.marsaud@cgi.com,900 M€,10000,,,"Fondée en 1976, Groupe CGI inc. est la 5ème plus importante entreprise indépendante de conseil et services en technologies de l’information au monde. Grâce à ses quelques 65 000 professionnels, CGI offre un portefeuille complet de services, y compris des services-conseils stratégiques en informatique et en management, des services d'intégration de systèmes, de développement et de maintenance d'applications informatiques, de gestion d'infrastructures technologiques ainsi qu'une vaste gamme de solutions exclusives à des milliers de clients à l'échelle mondiale à partir de ses bureaux et centres mondiaux de prestation de services dans les Amériques, en Europe et en Asie-Pacifique.","Vous trouvez au sein de CGI un environnement stimulant avec des opportunités intéressantes et de nombreuses façons d'améliorer vos compétences et d'obtenir une solide expérience.
www.cgi-recrute.fr
"
colas,Colas,BTP,Paris,France,http://www.hubcarrierecolas.fr/,,12 Md€,57000,,,"Un leader mondial des travaux de construction et d’entretien de toutes les infrastructures de transport, d’aménagement urbain ou de loisirs, le groupe Colas se caractérise par la diversité de ses activités.",
cicr,Comité international de la croix rouge,Humanitaire,Genève,Suisse,http://www.icrc.org/jobs,,"1,8 Md€",15000,35,50 000€ - 70 000 €,"Le CICR est une organisation internationale, humanitaire, indépendante et neutre qui s’efforce d’apporter protection et assistance humanitaires aux victimes de conflits armés. Sur la base du mandat conféré par la communauté internationale, le CICR intervient de manière impartiale en faveur des prisonniers, des blessés et des malades, ainsi que des civils touchés. Le CICR est à l’origine du Mouvement international de la Croix-Rouge et du Croissant-Rouge et du droit international humanitaire.",
cosumar,Cosumar,Industrie,Casablanca ,Maroc,http://www.cosumar.co.ma,,"6,9 Mdhs",1550,,,,
danone,Danone,Industrie,Paris,France,http://DANONE.COM,,"20,9 Md€",102401,,,,
dcns,Dcns,Industrie,Paris,France,http://fr.dcnsgroup.com/talents/,jparfait.exterieur@dcnsgroup.com,3 Md€,13000,,,"DCNS est le leader européen du naval de défense et un acteur majeur dans les énergies marines renouvelables.  Le Groupe conçoit, réalise et maintient en service des sous-marins et des navires de surface. Il fournit également des services pour les chantiers et bases navals. Enfin, le Groupe propose un large panel de solutions dans les énergies marines renouvelables. ",
decathlon,Decathlon,Agro-Alimentaire Grande Distribution,Lille,France,http://corporate.decathlon.com/,http://recrutement.decathlon.fr/,"8,8 Md€",70000,32,35 000€ - 45 000€,DECATHLON a été créé en 1976 à partir d’une idée originale: répondre aux besoins des sportifs passionnés en leur proposant dans un même lieu une multitude d’articles de sports. Notre promesse: «Rendre le sport accessible au plus grand nombre ». DECATHLON rassemble deux activités: la création de produits sportifs ainsi que la vente locale et en ligne.,
devoteam,Devoteam,Audit & Conseil,Paris,France,http://www.devoteam.fr/,recruitmeifyoucan@devoteam.com,485 Md€,4100,34,,"Nous sommes un acteur majeur du conseil en technologies innovantes et management pour les entreprises. Nos 4 100 professionnels sont engagés à faire gagner la bataille du digital à nos clients. 
Présent dans 15 pays et fort de 20 ans d’expérience, nous améliorons les performances des entreprises en accompagnant l’adoption des usages digitaux et en construisant des infrastructures à la pointe de la technologie.
Chez Devoteam, nous sommes  “Digital Transformakers”.",
dimosoft,Dimo software,"Informatique, Édition de logiciels, Services de l'information",Lyon,France,http://www.dimosoftware.com,,35 M€,370,35,,"DIMO Software est éditeur et intégrateur de solutions logicielles. Basé à Lyon, Paris, Nantes, Biarritz Madrid, Toronto et Montréal, la société connaît une croissance régulière depuis 1995. Elle compte 353 collaborateurs, 6000 clients dans 90 pays et a un CA de 34,6 M€ avec une croissance de 14,8%.

DIMO Software est une entreprise Handi’accueillante.
",
econocom,Econocom,"Informatique, Édition de logiciels, Services de l'information",Lyon,France,http://carrieres.econocom.com/nos-offres,accueil.econocom.villeurbanne@econocom.com,"2,3 Md€",9500,41,30 000 € - 35 000 €,"Econocom est un acteur majeur des services qui accompagne la transformation digitale des entreprises en Europe. Nos 9 500 collaborateurs présents dans 20 pays apportent leur expertise autour des infrastructures (gouvernance et sécurité du SI, conseil et intégration, transformation vers le cloud, infogérance, maintenance critique) et des applications (digitalisation, nouveaux usages, collaboration, nomadisme, Big Data...).

",
edf,EDF,"Energie, Environnement, Chimie",Paris,France,http://www.edf.fr,,75 M€,160000,,,"EDF, électricien performant et responsable, champion de la croissance bas carbone est un des leaders sur le marché de l’énergie en Europe. Le Groupe est présent sur l’ensemble des métiers : la production, le transport, la distribution, le commerce. ",
egis,Egis,Transport,Versailles,France,http://www.egis.fr,,937 M€,13000,40,,"Egis, concepteur du long terme, est spécialisé en ingénierie, montage de projets et exploitation.  Notre Groupe (13000 collaborateurs présents dans plus de 100 pays, filiale du Groupe Caisse des Dépôts) accompagne ses clients dans les secteurs des transports, de la ville, du bâtiment, de l'industrie, de l'eau, de l'environnement et de l'énergie. Nous contribuons par la qualité de nos réalisations et notre esprit d’innovation à l’amélioration du cadre de vie. ",
eiffage,Eiffage,BTP,Versailles,France,http://www.eiffage.com,,14 Md€,70000,,35 000€ - 40 000€,"Eiffage se distingue en France et dans le monde par l’exceptionnelle diversité de ses compétences et de ses savoir-faire techniques. Le Groupe exerce ses activités à travers les métiers de la construction et de l’immobilier, du génie civil, du métal et de la route, de l’énergie et des concessions.",
ekium,Ekium,Industrie,Lyon,France,http://www.ekium.eu,pierre.colombel@ekium.eu,70 M€,750,35,,Ingénierie Industrielle et Tertiaire tous corps d'état + Activité Automation. ,
elca,Elca informatique SA,"Informatique, Édition de logiciels, Services de l'information",Lausanne,Suisse,http://www.elca.ch/,,107 MCHF,750,,,"Avec plus de 700 collaborateurs, ELCA est le plus grand prestataire indépendant de services informatiques en Suisse dans les domaines de l’IT, Business Consulting, du développement, de la maintenance logicielle et de l’intégration de systèmes. La sociéte est particulièrement active dans les domaines des architectures logicielles, des systèmes distribués, des portails, de la GED, du content management, de la sécurité, du CRM,  des  développements  mobiles  et  de la BI /data warehousing. 
",
elcia,Elcia,"Informatique, Édition de logiciels, Services de l'information",Lyon,France,http://elcia.com/join-us/,emploi@elcia.com,10 M€,110,30,30 000€ - 50 000€,"ELCIA, édite, commercialise et intègre un configurateur de vente et un logiciel de gestion commerciale pour les professionnels de la menuiserie (portes et fenêtres). Nos 4700 clients sont des installateurs, des négoces et des grands comptes industriels. Avec sa filiale ISIA, ELCIA compte désormais 110 salariés pour un chiffre d’affaires de 10M€. 

","Curieux(se), passionné(e) par les nouvelles technologies, ambitieux(se) et fun? Rejoignez un éditeur de logiciels destinés aux professionnels de la menuiserie en pleine croissance! "
elis,Elis,Industrie,Paris,France,http://www.corporate-elis.com,recrutement@elis.com,"1,4 Md€",21000,,30 000€ - 36 000€,"Rejoignez Elis, groupe multiservices, leader de la location-entretien de vêtements professionnels, d’articles textiles et d’hygiène. 
Notre mission ? Simplifier la vie des professionnels en leur permettant de se concentrer sur leur cœur de métier. Ainsi 240 000 clients, de toute taille et de tout secteur, nous font confiance à travers le monde. Grâce à nos 21 000 collaborateurs portés par leur excellence opérationnelle, nous connaissons une croissance ininterrompue depuis 60 ans.
Avec plus de 90 usines et 200 centres de service répartis dans 13 pays, nous bénéficions d’un rayonnement international qui nous permet d’agir au plus près de nos clients.
Le service c’est Elis. Et Elis c’est vous. 
","Elis s’appuie sur des hommes et des femmes fiers de leur entreprise et de ses valeurs, partageant une vision commune de ses enjeux. L’attachement des collaborateurs à l’entreprise est le fondement de l’édifice et le garant de notre réactivité et de notre compétitivité.
Notre politique RH est construite autour de quatre priorités : attirer les talents, leur permettre de s’épanouir dans leur fonction, les professionnaliser et les faire évoluer. Elis doit ainsi permettre à chacun d’être convaincu d’avoir fait le meilleur choix en rejoignant l’entreprise."
euroengineering,"Euro engineering
",Audit & Conseil,Lyon,France,http://www.euro-engineering.fr/default.aspx ,,"3,72 Md€",40000,,30 000€ - 50 000€,"Modis, Entreprise de Services Numériques et euro engineering, société d‘Ingénierie et de Conseil en Technologie, sont les deux marques internationales du pôle consulting du Groupe Adecco. 

Nos deux entités françaises poursuivent leur croissance et se renforcent pour répondre à une forte demande de nos clients issus des secteurs d’activités suivants : Banque, Finance & Assurance, Pharmacie, Télécom, Aéronautique, Ferroviaire, Nucléaire, Pétrole & Gaz.




",
extia,Extia,Audit & Conseil,Lyon,France,http://extia.fr,jobs@extia.fr,70 M€,900,31,30 00€ - 50 000€,"Extia : n. f. société de conseil en ingénierie. Synonyme : « d’abord qui, ensuite quoi ! »
Entreprise qui propose une approche inédite dans son domaine en alliant performance et bien-être au travail.
Son ambition : développer les compétences de chaque salarié et l’accompagner grâce à un suivi personnalisé et un management de proximité. Elle propose des solutions innovantes à ses clients dans des secteurs variés tels que l’IT, les Télécoms, l’Industrie, en s’appuyant notamment sur ses 3 pôles d’expertises (agence digitale Kilix, bureau d’études CFD, pôle innovation).
Présente depuis 2012 au Palmarès Great Place to Work® récompensant les entreprises en France où il fait bon travailler, elle occupe cette année la 6e place du classement. Adepte de la culture agile favorisant l’amélioration continue et l’intrapreneuriat, Extia a atteint le cap des 900 salariés en seulement 9 ans ! En intégrant Extia dans le cadre d'un stage, d'un contrat en apprentissage ou d’un premier emploi, vous mettez toutes les chances de votre côté pour vivre une expérience professionnelle enrichissante et réaliser vos ambitions !
","Chez Extia on veut du talent ! Et ce talent, c’est peut-être vous. La seule manière de le savoir, c’est de vous former, de développer vos compétences, et d’exprimer tout votre potentiel ! 
Rejoignez Extia, 6e entreprise en France où il fait bon travailler ! 
Au fait, c’est quoi une entreprise où il fait bon travailler ? C’est du fun au bureau, mais pas que. C’est savoir faire confiance aux collaborateurs quel que soit leur statut, leur accorder le droit à l’erreur afin de les pousser à entreprendre et innover. C’est les accompagner afin qu’ils se dépassent ! 
Si vous êtes notre potentiel futur talent, n’hésitez plus et contactez-nous pour venir faire vos preuves au sein d’une société qui n’attend qu’à être bluffée ! 
A bientôt au sein de notre Great Place to Work® !
"
ernstyoung,Ernst & Young,Audit & Conseil,Paris,France,http://www.ey.com/fr/carrieres,,954 M€,5000,,,"EY rassemble aujourd’hui 230 000 associés et collaborateurs à travers le monde, dans plus de 150 pays. Grâce à ce réseau, dont le niveau d’intégration et l’ampleur internationale sont gages d’une même excellence partout dans le monde, EY renforce sa position de leader mondial de l’Audit, du Conseil, des Transactions, de la Fiscalité et du Droit.",
faurecia,Faurecia,Automobile,Paris,France,http://www.faurecia.com,,,103000,,,"
Faurecia est l'un des premiers équipementiers automobiles du monde et partenaire privilégié des plus grands constructeurs. Leader dans ses trois activités - Automotive Seating, Interior Systems et Emissions Control Technologies - Le Groupe propose des solutions innovantes pour une mobilité durable et l'optimisation de la vie à bord. ",
gcat,GCAT,BTP,Paris,France,http://www.gcat.net,cv@gcat.net,,15,,,"G.C.A.T. Plus de quinze ans de savoir-faire dans l’Assistance Technique et la mobilisation de consultants dans les métiers du BTP quel que soit votre projet à l'international
Nous sommes le LEADER FRANÇAIS de l’ASSISTANCE TECHNIQUE à l’EXPORT pour les projets de BTP, industriels ou d'ingénierie. 

C’est ainsi que nous mobilisons dans l'urgence nos collaborateurs ou nos équipes de collaborateurs experts, techniciens et encadrants sur des chantiers à l’étranger pour résoudre toute sorte de problématiques techniques. 
Nos consultants seront heureux de vous ASSISTER, de vous CONSEILLER et de FORMER vos équipes.
Nous intervenons pour le compte de grands groupes internationaux et de PME de tous secteurs développant des projets ayant des composantes de génie civil, de terrassement, de canalisations, de construction de bâtiments industriels et tertiaires, de réalisation d’ouvrages d’art, d’électricité etc..",Vous êtes mobiles et parlez anglais? G.C.A.T. est fait pour vous !
gemalto,Gemalto,"Informatique, Édition de logiciels, Services de l'information",Paris,France,http://www.gemalto.com,,"3,1 Md€",14000,,37 000€,"Gemalto est le leader mondial de la sécurité numérique, nous sommes au cœur de la société numérique qui évolue rapidement et 1/3 des habitants du monde utilise nos produits. Les solutions numériques de Gemalto permettent de pouvoir communiquer, voyager, acheter, épargner, se divertir et travailler dans un environnement plus simple et plus sûr. 

",
goconcept,Go Concept,Audit & Conseil,Lyon,France,http://www.goconcept.ch,hr@goconcept.fr,10 M€,140,,,"GO Concept, PME internationale, est une société dynamique et innovante avec une forte tradition entrepreneuriale. GO Concept se positionne comme un acteur unique dans le domaine du conseil en Innovation Technologique et Business Accélération, sur des projets à forte valeur ajoutée. Nos différentes entités nous permettent d'accompagner nos clients, start-up comme grands industriels, sur des axes sectoriels tels que l'horlogerie fine, le biomédical, les transports, la machine-outil et l'énergie. ",
groupeadf,Groupe ADF,Industrie,Vitrolles,France,http://www.groupeadf.com,accueil.groupe@groupeadf.com,400 M€,3819,37,,"Acteur majeur en prestations de maintenance et services connexes aux industries à process continu, le Groupe ADF (3819 salariés / 400M € CA) propose à ses clients des solutions de maintenance axées sur l’amélioration continue des performances et l’optimisation de leurs équipements.",
egide,Groupe Atlantic,Industrie,La Roche-Sur-Yon,France,http://groupe-atlantic.com,,"1,35 Md€",5900,39,30 000€  - 34 000€,"Acteur majeur du génie climatique, le GROUPE ATLANTIC poursuit son développement en France et à l'international. 
Principalement connus sous nos marques Atlantic, Thermor & Sauter, nos solutions de chauffage, eau chaude sanitaire & traitement de l'air évoluent constamment. A la recherche permanente du bien-être durable de nos utilisateurs, nous avons fait de l'innovation un des moteurs de notre croissance et dédions chaque année 4 % du CA aux produits nouveaux et futurs.",
casino,Groupe Casino,Agro-Alimentaire Grande Distribution,Saint-Etienne,France,http://www.groupe-casino.fr,recrutement@groupe-casino.fr,46 Md€,325000,,,"Casino, Groupe de distribution, occupe en France une position de leader grâce à la diversité de ses enseignes : Géant Casino, Monoprix, Supermarchés Casino, Leader Price, Franprix, Petit Casino, CDiscount, Casino Restauration… et à une présence affirmée à l’international.
La Diversité trouve aussi son expression dans notre politique de recrutement qui privilégie l’égalité des chances, la diversité des individus au sein de nos équipes.",
gcc,Groupe Gcc,BTP,Lyon,France,http://gcc-groupe.com,recrutement-ra@gcc.fr,680 Md€,2300,40,32 500€,"Le groupe GCC poursuit son développement au travers des opérations de croissance externe réalisées aussi bien dans le Pôle Construction que dans le Pôle Energie. De par la réactivité et la souplesse d’adaptation qui animent les équipes, le Groupe GCC dispose d’une immuable « volonté d’entreprendre » et des forces nécessaires pour relever avec détermination les enjeux de nos marchés et les exigences de nos clients pour les prochaines années. ",
groupehn,Groupe HN,"Informatique, Télécommunication, Électronique",Paris,France,http://www.groupehn.com/wordpress/fr/,rh@groupehn.com,55 M€,750,30,32 000€ - 33 000€,"Le Groupe HN est une Société de Conseil et de Service en Ingénierie Informatique d'envergure internationale créée en 1983 qui compte aujourd'hui environ 750 collaborateurs dans les secteurs de la Banque, de l'Assurance, de l'Industrie et des Services.",
seb,Groupe SEB,Industrie,Lyon,France,http://groupeseb.com,training@groupeseb.com,"4,77 Md€",26000,,,"Leader mondial du petit équipement domestique, le Groupe SEB compte plus de 26 000 collaborateurs dans le monde. Fondé en 1857, le Groupe SEB vend chaque année 200 millions de produits et a réalisé un chiffre d’affaires de 4,77 milliards d’euros en 2015. Présent dans 150 pays, il a conquis de fortes positions sur les différents continents grâce à une offre produits diversifiée et à un portefeuille de marques à forte notoriété : Tefal, Moulinex, Rowenta, KRUPS...",
sii,Groupe SII,"Informatique, Édition de logiciels, Services de l'information",Paris,France,http://www.groupe-sii.com,DRH-LYON@sii.fr,"360,1M€",6000,34,30 000€,"Le Groupe SII, en tant que société de conseil en technologie numérique, accompagne les grandes entreprises dans leur transformation digitale.",
soprema,Groupe Soprema,BTP,Strasbourg,France,http://www.soprema.fr/fr/,,"2,13 Md€",6260,,,,
volvo,Groupe Volvo,Industrie,Lyon,France,http://www.volvogroup.jobs,,"33,4 Md€",10000,37,,"Premier constructeur mondial de véhicules industriels, le Groupe Volvo, auquel appartient Renault Trucks, conçoit, fabrique et commercialise des gammes complètes de solutions de transport de biens et de personnes. Répondre aux nouvelles exigences environnementales, saisir de nouvelles opportunités de croissance rentable, développer des produits et des services innovants pour satisfaire les besoins de nos clients, tels sont les défis auxquels répond le groupe Volvo.
",
gse,GSE Group,BTP,Avignon,France,http://www.gsegroup.com ,drh@gsegroup.com,360 M€,334,38,32 500€ - 37 000€,Notre métier est la conception et la réalisation clés en main de bâtiments immobiliers d'entreprises. ,"Pour bien commencer votre carrière, saisissez les opportunités proposées par le Groupe GSE, en France ou en Europe. Vous bénéficierez d'une large autonomie et de responsabilités dès votre embauche, pour gérer des projets en équipe. "
hexcel,Hexcel,Industrie,Dagneux,France,http://www.hexcel.com,recruiting@hexcel.com,"1,8 Md$",6000,,,"Grâce à notre investissement conséquent en R&D et la culture de l’amélioration continue, Hexcel est le leader industriel dans le domaine de la fabrication de tissus techniques et de matériaux composites. Nous vous invitions à rejoindre nos 6000 collaborateurs qui travaillent pour le Groupe Hexcel au sein de sites industriels, de centres R&D, de bureaux commerciaux partout dans le monde… «Join our strenght within». ",
intrasec,Intrasec,"Informatique, Édition de logiciels, Services de l'information",Lyon,France,http://intrasec.fr,contact@intrasec.fr,,,,,"Editeur de logiciels innovants orientés CAO (usine 4.0) et Geide technique (Cloud / Bigdata) depuis 1989 et s’adressant aux industriels et au domaine de l’ingénierie, Intrasec cible la gestion de projets industriels, la conception d’usine digitale et prend en compte les contraintes réglementaires tout en garantissant la pérennité des données techniques gérées.",
itron,Itron,Industrie,Paris,France,http://www.itron.com,,2 Md€,8000,,,"Leader mondial de solutions technologiques, Itron permet aux distributeurs d’eau et d’énergie de mesurer, analyser et maitriser leurs ressources. Notre offre comprend des compteurs d’électricité, de gaz, d’eau et d’énergie thermique, ainsi que des systèmes de communication, des logiciels et des services associés.  ",
keyence,Keyence,Industrie,Paris,France,http://www.keyence.fr,rh@keyence.fr,31 M€,110,,,"KEYENCE est aujourd’hui leader mondial en matière d’innovation dans les domaines de l’automatisation industrielle. Notre entreprise conçoit et commercialise une gamme variée de produits incluant des capteurs polyvalents, du contrôle optique, des systèmes de vision et mesure industrielle, des marqueurs lasers ou encore des microscopes numériques. 
KEYENCE en quelques chiffres :
Une croissance de plus de 30% chaque année depuis 5 ans
Un réseau mondial : + de 200 000 clients dans 70 pays",
kpmg,KPMG,Audit & Conseil,Paris,France,http://www.kpmgrecrute.fr,,961 M€,8500,,,"Leader de l’audit, du conseil et de l’expertise comptable, KPMG France est membre de KPMG International, réseau de cabinets indépendants exerçant dans 152 pays.

Nos 8 500 professionnels interviennent auprès des grands comptes internationaux, des ETI et des groupes familiaux, des TPE et dans différents secteurs de l’industrie, du commerce et des services financiers.",
lauralba,Lauralba,"Informatique, Édition de logiciels, Services de l'information",Aix-En-Provence,France,http://www.lauralba.net,recrutement@lauralba.net,,85,,28 000€ - 45 000€,"LAURALBA est une ESN spécialisée dans la mise à disposition de personnel informatique expérimenté dans les domaines de l’ingénierie des systèmes, des réseaux et des nouvelles technologies.",
lem,LEM Switzerland SA,Industrie,Paris,Suisse,http://www.lem.com,recruit-ch@lem.com,235 M€,1400,,,"LEM leader du marché des solutions innovantes et de haute qualité dans la mesure des paramètres électriques. Ses produits de base (capteurs de tension et de courant) sont utilisés pour de nombreuses applications : moteurs et soudage, énergies renouvelables et alimentation électrique, traction, haute précision, voitures conventionnelles et vertes. ",
leongrosse,Léon Grosse,BTP,Versailles,France,http://leongrosse.fr,,800 M€,2360,32,34 000€ - 36 000€,"Léon Grosse compte parmi les premiers groupes indépendants de BTP en France. 

Nous réalisons de grands chantiers techniques tels que le Satellite 4 à l’aéroport Roissy Charles de Gaulle, le Musée de l’Homme au Trocadéro, le Pôle Universitaire la Citadelle à Amiens, L’hôpital Ambroise Paré à Marseille ou encore les stades Jean Bouin à Paris et Geoffroy Guichard à Saint-Etienne. Nous poursuivons notre développement par de nouvelles implantations et par notre engagement dans de nouveaux métiers : l’immobilier, l’énergie, le nucléaire. 

Groupe à taille humaine, performant et innovant, nous disposons des moyens d’un grand groupe. Forts d’un actionnariat familial garant de notre pérennité, nous construisons notre avenir en nous appuyant sur des valeurs fortes : la technicité de nos projets, l’autonomie de nos collaborateurs et leur évolution grâce à des parcours de formations internes.
",Bientôt votre chantier ? Rejoignez les équipes Léon Grosse et faites de vos projets notre avenir. 
loreal,L'Oréal,Industrie,Paris,France,http://www.loreal.com/,,"25,3 Md€",82900,,,"Avec plus de 100 ans d’existence, l’Oréal demeure le leader mondial de l’industrie des produits de beauté. Nos 32 marques internationales permettent d’offrir le meilleur de la cosmétique aux femmes et aux hommes du monde entier dans tous les domaines de la cosmétique : soin du cheveu, coloration, soin de la peau, maquillage et parfums. Nos 5 divisions sont expertes de leur circuit de distribution : Produits Grand Public, L’Oréal Luxe, Produits Professionnels, Cosmétique Active et The Body Shop.",
margo,Margoconseil,"Informatique, Édition de logiciels, Services de l'information",Paris,France,http://www.margoconseil.com/,drh@margoconseil.com,21 M€,270,29,36 000€ - 42 000€,"Margoconseil est une société de conseil spécialisée dans le secteur de la finance de marché.  Nous intervenons dans les domaines d’expertise suivants : R&D, ingénierie financière, risques, pricing, structuration et conduite du changement. Nous recrutons des consultants dont le savoir-faire, le potentiel de progression et la motivation contribueront au succès des prokets que nous confient nos clients. ",
mars,Mars france,Industrie,Orléans,France,http://www.mars.com/france,,,4500,,,"Parmi les leaders mondiaux de l'agroalimentaire, Mars est l’une des rares grandes entreprises familiales non cotées en bourse. Soutenu par des marques légendaires et une culture d’entreprise unique, le Groupe offre également un monde d’opportunités à ses collaborateurs.
En France, Mars dispose de 10 sites d’implantation dont 8 usines et compte plus de 4 200 collaborateurs qui contribuent chaque jour au succès des différents secteurs d’activité du Groupe.",
mcigroupe,Mc²i groupe,"Informatique, Édition de logiciels, Services de l'information",Paris,France,http://www.mc2i.fr,recrutement@mc2i.fr,58 M€,550,29,,"mc²i Groupe, cabinet de conseil en Systèrnes d’Information et an organisation.
accompagne les grandes entreprises et les administrations dans la conception
et la mise en œuvre de leurs Systèmes d'lnformation.
Le cabinet s’appuie sur plus de 550 consultants et peut s‘enorgueillir de
nombreuses et prestigieuses références couvrant tous les secteurs d'activité :
énergie, transport, culture et médias, industrie et services, banque/assurance, public.",
mcainge,Mca ingénierie,Industrie,Lyon,France,http://www.mca-ingenierie.fr,amaury@mca-ingenierie.fr,84 Md€,1100,,29 000€ - 31 000€,"MCA est un acteur international de l'ingénierie et du conseil en hautes technologies. Son expérience et son expertise de plus de 25 ans dans de nombreux secteurs font de lui un partenaire reconnu chez les grands groupes industriels. MCA compte plus de 1000 ingénieurs en France et à l'International qui interviennent en assistance technique, en centre de service ou au forfait. 
",
msf,Médecins sans frontières,Humanitaire,Paris,France,http://msf.fr,,,6000,,,"Médecins Sans Frontières apporte une assistance médicale à des populations aux prises avec des crises menaçant leur survie : principalement en cas de conflits armés, mais aussi d’épidémies, de pandémies, de catastrophes naturelles ou encore d’exclusion des soins. Toutes ces situations nécessitent des ressources médicales et logistiques adaptées.",
mediane,Médiane Système,"Informatique, Télécommunication, Électronique",Lyon,France,http://www.medianesysteme.com,recrutement.site@medianesysteme.com,26 M€,300,31,30 000€ - 50 000€,"Société d'ingénierie spécialisée en électronique, systèmes embarqués, informatique technique et industrielle. Créée par des ingénieurs, Médiane Système est une entreprise à taille humaine proche de ses collaborateurs, qui privilégie depuis 28 ans, l’évolution et l’accomplissement de chacun tant chez ses clients que dans ses bureaux d'études. Sa présence dans différents secteurs industriels, vous offre la possibilité de vous épanouir et de développer vos compétences dans des métiers ciblés.
",
michelin,Michelin,Industrie,Clermont-Ferrand,France,http://recrutement.michelin.fr/fre,,"21,2 Md€",111700,,,"
Leader mondial sur le marché des pneumatiques, le groupe Michelin produit chaque année plus de 184 millions de pneus de haute performance toute ligne de produit confondu. Parallèlement à son activité de manufacturier, Michelin propose des services d'aide à la mobilité.
Le groupe s’est donné pour mission de contribuer au progrès de la mobilité tout en poursuivant une stratégie de croissance mondiale durable et rentable.",
nationalinst,National instruments,"Informatique, Télécommunication, Électronique",Paris,France,http://ni.com,france@ni.com,"1,23 Md€",7800,,,"National Instruments, société américaine, plus de 1 Milliards de dollars de CA, 40 filiales dans le monde, équipe les ingénieurs et les scientifiques d'outils capables d'accélérer la productivité, l'innovation et la découverte. L'approche de NI est la conception graphique de systèmes, qui s'appuie sur un logiciel productif (ex : labVIEW), une plateforme matérielle reconfigurable et un écosystème d'applications et d'IP afin d'accélérer le développement de tout système nécessitant la mesure et le contrôle. Les clients de NI sont très variés (aéronautique, automobile, Télécoms, Recherche, Médical, agroalimentaire…). La société fait partie du classement des sociétés dans lesquelles il fait bon travailler depuis de nombreuses années. (Classement Great Place to Work)","Notre société est financièrement stable, en constante recherche d’innovation (16% de notre CA est investi en R&D chaque année), nos produits sont très utilisés et appréciés dans le domaine de l’instrumentation, nous offrons un programme de développement de compétences unique à nos collaborateurs, leur ouvrant ainsi des perspectives d’évolution à la fois en France et à l’international, et enfin, notre société fait partie du classement des sociétés dans lesquelles il fait bon travailler depuis plusieurs années. Nos collaborateurs évoluent dans une ambiance très conviviale. "
nge,NGE,BTP,Tarascon,France,http://www.nge.fr,,"1,5 Md€",9000,,30000€ - 35000€,"Groupe de BTP Français en croissance de 9000 salariés avec un chiffre d'affaires d'1,5 milliard d'euros",
orange,Orange,"Informatique, Télécommunication, Électronique",Paris ,France,http://orange.jobs,lucile.andrieu@havas.com,40 Md€,,,,"Orange est l'un des principaux opérateurs de télécommunication dans le monde, avec un chiffre d'affaires de 40 milliards d'euros en 2015. Orange emploie 154 000 salariés dont 96 000 en France. Présent dans 29 pays pour l’activité grand public, le Groupe est au service de plus de 250 millions de clients dans le monde. Orange est également l'un des leaders mondiaux des services de télécommunication aux entreprises sous la marque Orange Business Services. Nos enjeux placent l'expérience de nos clients au cœur de la stratégie. Pour cela, nous voulons réinventer l’expérience de nos clients pour leur apporter une connectivité enrichie partout où ils en ont besoin.","Les perspectives de carrières sont très variées. Suivant vos envies, vous pourrez rapidement accéder à des responsabilités très motivantes en choisissant entre l’expertise la plus pointue dans les équipes d’innovation, le pilotage de projets de dimension internationale, la participation à la stratégie dans un secteur en évolution constante ou même tester vos capacités de consultant. Un passage chez Orange, qu’il soit de quelques mois pour un stage ou de plusieurs années de carrière, ajoute une couleur numérique à votre parcours professionnel.  Les voies d’accès au Groupe sont aussi très riches. Nous accueillons chaque année près de 5000 alternant(e)s, 2500 stagiaires et 120 doctorant(e)s. Le Graduate Programme d’Orange est également une porte d’entrée puisque ce programme offre des perspectives d’évolution accélérées pour accéder à des responsabilités managériales, dans un contexte fortement international. Nous recherchons chaque année à recruter des jeunes diplômés issus des meilleurs cursus internationaux. Pour en savoir plus, venez à la rencontre de l’équipe du graduate programme sur le stand Orange ou rendez-vous sur orange.jobs/graduateprogramme."
pellenc,Pellenc ST,Industrie,Pertuis,France,http://pellencst.com/fr/,recruitment@pellencst.com,26 M€,138,35,30 000€ - 40 000€,"PELLENC ST - conçoit et fabrique en France des équipements de tri optique destinés au tri des déchets et à l’industrie du recyclage. Avec un parc installé de plus de 1000 machines dans le monde entier, notre société occupe une position de leader reconnu. En pleine expansion, cette entreprise dynamique située à Pertuis (à 20 minutes d'Aix en Provence), recherche différents profils pour renforcer sa position de leader et sa présence internationale.","Vous cherchez une entreprise dynamique, dans laquelle vous pouvez mettre à contributions vos compétences techniques et connaissances au travers de technologies de pointes. Rejoignez nos équipes et contribuer vous aussi à l'économie circulaire !"
plastico,Plastic Omnium,Industrie,Sainte-Julie,France,http://www.plasticomnium.com,stages.sigmatech@plasticomnium.com,6 Md€,30000,,,"Indépendant, innovant, implanté sur les grands marchés clés, Plastic Omnium poursuit sa stratégie de conquête et renforce ses positions de leader mondial dans ses deux métiers : Automobile et Environnement.

Avec plus de 32 000 collaborateurs, 136 usines, 22 Centres de R&D répartis dans 30 pays, Plastic Omnium est une société française, indépendante, cotée à la Bourse de Paris et a réalisé, en 2015, un chiffre d’affaires de 6 milliards d’euros.


",
protectic,Protectic ,"Informatique, Télécommunication, Électronique",Versailles,France,http://www.protectic.fr,recrute@protectic.fr,6 M€,75,32,,"PROTECTIC, société d'ingénierie à taille humaine, intervient depuis plus de 30 ans sur des projets d'envergure dans les secteurs de l'industrie (aéronautique, espace, énergie, transport) et du tertiaire (banque, finance, assurance). PROTECTIC se positionne sur des activités innovantes faisant appel à des technologies de pointe.
La qualité de nos prestations et des relations entretenues avec nos collaborateurs est l'une des clés de notre réussite.",
qiminfo,Qim Info,"Informatique, Édition de logiciels, Services de l'information",Genève,Suisse,http://www.qiminfo.ch/,rh@qiminfo.ch, 25 MCHF,180,31,,"Qui sommes-nous ?
Qim info est une société de services intervenant auprès de grands comptes dans des secteurs variés. Présents sur Genève, Lausanne et Grenoble, nous accompagnons nos clients dans l’évolution et la mise en œuvre de leur système d’information.
Proches, fidèles et pragmatiques, nous visons l’excellence et la satisfaction de nos collaborateurs ainsi que de nos clients. Notre expertise dans le domaine de l’IT est notre force, l’humain au cœur de nos valeurs.",
qualiconsult,Qualiconsult,BTP,Versailles,France,http://www.groupe-qualiconsult.fr/,recrutement@qualiconsult.fr,183 K€,2200,36,30 000€ - 50 000€,"Depuis plus de 30 ans, spécialiste du contrôle technique, de l’inspection, de l'assistance et de la formation, le GROUPE QUALICONSULT (2200 collaborateurs, 100 agences dans le monde, 183 M d'€ de CA) accompagne ses clients dans toutes les étapes de la construction, de l’exploitation des bâtiments, des installations techniques et infrastructures. ",
reel,Reel,Industrie,Lyon,France,http://www.reel.fr,,380 M€,2000,40,35 000 € ,,
rte,RTE,"Energie, Environnement, Chimie",Paris,France,http://www.rte-france.com,,4 Md€,8500,,33 500€ - 36 600€,"RTE est le gestionnaire du réseau français de transport d'électricité à haute et très haute tension, le plus important d'Europe. RTE assure une mission de service public en étant garant du bon fonctionnement et de la sûreté du système électrique en France. Il exploite, entretient et développe le réseau électrique.
Dans un marché de l'électricité ouvert à la concurrence et en plein développement, RTE est au cœur des enjeux énergétiques et stratégiques européens. 

Fort de nos 8 500 collaborateurs et de notre expertise reconnue, nous intégrons chaque année de nouveaux talents pour nos métiers techniques, le management de nos projets et nos fonctions supports. Nous favorisons le développement des compétences de nos collaborateurs ainsi que la réalisation de leurs projets professionnels. RTE offre formations et opportunités d'évolution de carrière, veille au respect, au dialogue et à la reconnaissance.

RTE est une filiale du Groupe EDF",
safran,Safran,Industrie,Paris,France,http://www.safran-group.com,,"17,4 M€",70,41,,"Safran est un groupe international de haute technologie, équipementier de premier rang dans les domaines de l’aéronautique, du spatial, de la défense et de la sécurité. Sa dimension internationale lui permet d’optimiser sa compétitivité, de bâtir des relations industrielles et commerciales avec les plus grands maîtres d’œuvre et opérateurs mondiaux, tout en offrant des services de proximité réactifs.

",
saintgobain,Saint-Gobain,Industrie,Paris,France,http://www.saint-gobain-experience.com ,justine.houille@saint-gobain.com ,"39,6 Md€",170000,,,"Saint-Gobain conçoit, produit et distribue des matériaux et des solutions pensés pour le bien-être de chacun et l’avenir de tous. Ces matériaux se trouvent partout dans notre habitat et notre vie quotidienne : bâtiments, transports, infrastructures, ainsi que dans de nombreuses applications industrielles. Ils apportent confort, performance et sécurité tout en répondant aux défis de la construction durable, de la gestion efficace des ressources et du changement climatique.",
sanofi,Sanofi,Industrie,Lyon,France ,http://www.sanofi.fr/l/fr/fr/index.jsp,Recrutement_France@sanofi.com,"33,821 Md€",110000,,,"Sanofi est une entreprise mondiale des sciences de la vie engagée dans l’amélioration de l’accès à la santé et l'accompagnement des personnes qu’elle sert tout au long du continuum des soins. Sanofi et ses plus de 110 000 collaborateurs s’emploient à faire une différence dans le quotidien des patients, où qu’ils soient dans le monde, pour leur permettre de vivre en meilleure santé.",
schneider,Schneider Electric,"Energie, Environnement, Chimie",Paris,France,http://www.schneider-electric.fr/fr/about-us/careers.jsp?,,27 M€,+160000,,,"Spécialiste mondial de la gestion de l’énergie et des automatismes, Schneider Electric conçoit, réalise et met en œuvre des solutions techniques innovantes pour une énergie sûre, efficace, fiable et propre. Ses plus de 160 000 collaborateurs ont réalisé 27 milliards d’euros de chiffre d’affaires en 2015 en s’engageant auprès des individus et des organisations afin de les aider à tirer le meilleur de leur énergie. ",
sentelis,Sentelis,Audit & Conseil,Paris,France,http://job.sentelis.com,recrutement@sentelis.com,"4,2 M€",35,36,40 000€ - 50 000€,"Avec un mix-collaborateurs de haut niveau, de tout horizon et de toute culture, Sentelis Cabinet de Conseil en nouvelles technologies à fort impact métier, accompagne les grandes entreprises de tout secteur d’activité à définir leur stratégie informatique sur l’ensemble et  transformer leur système d’information pour répondre aux nouveaux enjeux digitaux tels que le Big Data, l’internet des objets, l’omni-canalité, l’économie de l’API, le Cloud Computing et le marketing digital. Nous avons un équilibre 50/50 entre nos activités de conseil et celles de delivery (design, build jusqu’au passage en production de ces nouvelles technologies). Sentelis est reconnu par le marché comme éclaireur par sa vision, pionnier du modèle d’architecture 3.0, expert sur les nouvelles technologies  et pragmatique dans ses projets de delivery. 
Pour accompagner sa forte croissance, Sentelis recrute des talents de tout horizon, jeunes diplômés et expérimentés, passionnés et entreprenants et avides de découvrir chaque jour de nouveaux territoires dans un univers digital en pleine expansion.
","Vous êtes jeunes diplômés de niveau BAC + 5 issus d’écoles d’ingénieurs ou d’université.
Vous avez la tête bien faites plutôt que bien pleine, une personnalité enthousiaste et passionnée qui souhaite s’éclater et s’épanouir en participant à
la grande aventure du 3.0 dans une pépinière de talent jeune et ambitieuse, alors vous avez trouvé votre premier emploi !"
servair,Servair,Agro-Alimentaire Grande Distribution,Paris,France,http://www.servair.fr,,792 M€,10000,38,37 000€ - 40 000€,"Servair est la première entreprise française de restauration aérienne et de nettoyage. Au 3e rang mondial, avec ses partenaires et ses filiales, Servair offre aux compagnies aérienne un ensemble de services indispensables aux métiers du transport aérien et du confort du passager dans près de 40 aéroports à travers le monde. Ses exigences en termes de qualité et de savoir-faire ont fait de Servair une véritable force de proposition auprès de ses 120 compagnies clientes. ",
smac,Smac,BTP,Lyon,France,http://www.smac-sa.com,drhese@smac-sa.com,600 M€,3700,,,"Bâtiment Second Oeuvre : Étanchéité, Enveloppe du Bâtiment ",
sncf,Sncf,Transport,Paris,France,http://www.sncf.com/fr/groupe/emploi/fiche-metier/ingenieurs-et-cadres,,"31,4 M€",260000,,30 000€ - 50 000€,"SNCF est l’un des 1ers groupes mondiaux de mobilité et logistique de marchandises, avec une présence dans 120 pays. Le groupe s’appuie sur 3 Épic : SNCF (pilotage stratégique, social, économique), SNCF Réseau (gestion, exploitation, maintenance d’infrastructures) et SNCF Mobilités (transport voyageurs, gestion/développement des gares, transport/logistique marchandises).",
solutec,Solutec,"Informatique, Édition de logiciels, Services de l'information",Lyon,France,http://www.solutec.fr,recrutement-lyon@solutec.fr,53 M€,850,,,"Conseil, AMOA, études et développement, infrastructure, exploitation : SOLUTEC intervient sur un large spectre de prestations techniques, fonctionnelles et organisationnelles en ingénierie informatique. Depuis 1991, nous sommes reconnus pour la qualité de nos services, notre capacité à prendre en charge les projets les plus ambitieux et notre sens de la relation client.",N'hésitez pas à passer au Stand SOLUTEC pour nous rencontrer et échanger autour de votre projet professionnel et de nos opportunités de carrière 
solvay,Solvay,"Energie, Environnement, Chimie",Paris,France,http://www.solvay.fr,relationsecoles@solvay.com,"12,4 Md€",31000,,,,"Rejoignez-nous et demandons plus à la chimie, ensemble !  

Plus  qu'imaginer  et  réaliser  des  solutions  pour  nos  clients, nous construisons un nouveau modèle de chimie plus durable.
Chez Solvay, vous êtes moteur d'un changement inspiré par des idées nouvelles et un travail en équipe.

Que vous vous projetiez dans la recherche, le marketing, ou la fabrication, Solvay vous offre un environnement international, des perspectives professionnelles variées et un avenir plus durable grâce à la chimie.

Prêt à construire plus qu'une carrière avec nous ? 
www.solvay.fr- rubrique "" carrière"". "
solystic,Solystic,Industrie,Valence,France,http://www.solystic.com/,recrutement@solystic.com,120 M€,524,46,,"SOLYSTIC, leader internationalde solutions d’automatisation du triet de la distribution des objets postaux",
spcconsultants,Spc Consultants,"Informatique, Édition de logiciels, Services de l'information",Lyon,France,http://groupe-spc.com ,recrutements@spcconsultants.com,"7,3 M€",82,35,,"Nous sommes une société (création en 1988) de conseil et d’ingénierie spécialisée dans les domaines du
contrôle commande, des systèmes d’information industriels et des systèmes d’information dédiés aux
laboratoires et à la qualité.
Nos clients sont des groupes internationaux des secteurs de l’énergie, de la chimie, de la pharmacie et des cosmétiques, de
l’agroalimentaire tels que TOTAL, AREVA, SANOFI, SOLVAY, MICHELIN, BEL, LVMH, SAFRAN.",
spiebat,Spie Batignolles,BTP,Paris,France,http://spiebatignolles.fr,communication@spiebatignolles.fr,"1,5 M€",6240,,,"Spie batignolles est un acteur majeur du bâtiment, des infrastructures et des services, reconnu en France et à l'étranger pour ses expertises et sa vision différente du métier. Resté indépendant, notre groupe est détenu par les salariés et les dirigeants de l'entreprise. Nos 6 domaines d'expertise couvrent l'ensemble des métiers du secteur: Construction, Travaux Publics, Génie Civil et Fondations, Énergie, Immobilier et Concessions.  ",
systra,Systra,Transport,Paris,France,http://www.systra.com,,623 M€,5700,,,Ingénierie des systèmes de transports publics,
technology,Technology and Strategy,Audit & Conseil,Lyon,France,http://www.technologyandstrategy.com ,recrutement@technologyandstrategy.com,60 M€,750,28,30 000€ - 50 000€,"Technology and Strategy est une société de conseil en nouvelles technologies créée en 2008. 
T&S est spécialisée dans les systèmes embarqués et la mécanique dans le domaine des transports, de l’énergie et du médical.
La particularité du groupe T&S réside dans son positionnement franco-allemand et a pour ambition de répondre aux besoins de l’économie des régions transfrontalières.",
technord,Technord,Industrie,Lyon,France,http://www.technord.com,cbo@technord.com,75 M €,360,37,,"Technord est un ensemblier du génie électrique qui rassemble toutes les compétences nécessaires à la conception, la fabrication, l'installation, la mise en service et la maintenance d'équipements industriels sur les cinq continents. ",
veolia,Veolia,"Energie, Environnement, Chimie",Paris,France,http://veolia.com,,"24,9 Md€",173000,,,"Veolia propose une gamme complète de services environnementaux d’approvisionnement en eau et recyclage des eaux usées, collecte, traitement et valorisation des déchets, fourniture de chaleur et de climatisation et optimisation des processus industriels. Ces solutions veillent à concilier le développement des activités humaines et le respect de l’environnement.

",
viveris,Viveris,"Informatique, Édition de logiciels, Services de l'information",Paris,France,http://www.viveris.fr,coralie-nohel@viveris.fr,,793,30,27 000€ - 38 000€,"Groupe de conseil et d'ingénierie en informatique, Viveris accompagne depuis près de 30 ans les grandes et moyennes entreprises dans leurs projets informatiques. Les ingénieurs de Viveris interviennent sur l'ensemble du cycle de vie des projets informatiques et mènent des missions de conseil, d'études, de réalisation et de gestion du patrimoine logiciel.
",
vulcain,Vulcain Ingénierie,Conseil & Ingénierie,Paris,France,http://www.vulcain-ingenierie.com/,glamri@vulcain-eng.com,82 M€,950,,,"VULCAIN Ingénierie est une société de conseil et d'ingénierie spécialisées sur les secteurs de l’énergie, de l’environnement et des industries associées (Pétrole & gaz, Power, Industries des procédés et Infrastructures). 

Notre métier ? Aider nos clients à imaginer, concevoir, construire et mettre en service les infrastructures énergétiques de demain.",
wavestone,Wavestone,Audit & Conseil,Paris,France,http://www.wavestone.com,,310 M€,2500,,38 000€ - 44 000€,"Dans un monde où savoir se transformer est la clé du succès, l’ambition de Wavestone est d’apporter à ses clients des réponses uniques sur le marché, en les éclairant et les guidant dans leurs décisions les plus stratégiques.

Wavestone est le nouveau cabinet de conseil, issu du rapprochement début 2016 de Solucom et des activités européennes de Kurt Salmon (à l'exclusion de consumer goods & retail en dehors de France). 

Notre cabinet rassemble 2 500 collaborateurs présents sur 4 continents, figure parmi les leaders indépendants du conseil en Europe, et constitue le 1er cabinet de conseil indépendant en France.
","Étudiant(e)s et jeunes diplômé(e)s, révélez votre potentiel !
Rejoignez un acteur majeur du conseil, partenaire des plus grands comptes. Apportez-nous votre créativité, votre énergie et votre enthousiasme pour participer aux plus beaux projets de transformation du marché, et bénéficiez d’un environnement de travail stimulant où le partage permanent des connaissances est un état d’esprit.
Nous recrutons des talents aux parcours diversifiés, de tous niveaux d’expérience. Des personnalités engagées, reconnues pour leur goût d’entreprendre et leur esprit d’équipe. Venez vivre une expérience unique au sein de Wavestone !
"
worldline,Worldline,"Informatique, Édition de logiciels, Services de l'information",Lyon,France,http://www.worldline.com,jobworldline@worldline.com,"12,2 M€",8600,35,32 000€ - 36 000€,"Worldline est leader européen dans les paiements électroniques et les services transactionnels. Nos activités sont organisées autour de trois pôles de compétences: Merchant Services & Terminals ,Mobility & eTransactional Services , et Financial Processing & Software Licensing.  Nous proposons à nos clients de tous les secteurs d’activités des services personnalisés de bout en bout de la conception de la solution à la gestion de l’infrastructure. Worldline est la filiale cotée du Groupe Atos.
",
csc,CSC,"Informatique, Télécommunication, Électronique",Paris la défense cedex,France,,www.csc.fr,,1800,,,"SC ACCOMPAGNE SES CLIENTS DANS LEUR TRANSFORMATION DIGITALE.

La société fournit des services et des solutions informatiques de nouvelle génération, en capitalisant sur une solide expertise sectorielle, et une capacité à opérer à l’échelle mondiale. Indépendante à l’égard de tout fournisseur technologique, CSC s’appuie sur une large communauté de partenaires à travers le monde, pour servir des clients parmi les plus grandes entreprises et administrations publiques.
",
capgeconsulting,Capgemini consulting,Audit & Conseil,Courbevoie,France,http://www.fr.capgemini-consulting.com/,rejoindrecapgeminiconsulting.fr@capgemini.com,,900,25,"40,000 €","Capgemini Consulting est la marque de conseil en stratégie et transformation digitale du groupe Capgemini. Leader
dans la transformation des entreprises et des organisations, Capgemini Consulting aide ses clients à concevoir et
mettre en oeuvre des stratégies innovantes au service de leur croissance et de leur compétitivité. Nos consultants travaillent avec des entreprises et des organisations de premier plan pour les aider à relever
ces défis en menant à bien leur transformation numérique",
agap2,Agap2,Audit & Conseil,Lyon,France,http://www.agap2.fr,angelique.ruget@agap2.fr,235 M€,3200,,,"agap2 est un groupe européen d'ingénierie et de conseil opérationnel spécialisé dans l'industrie : Énergie, Chimie, Santé, BTP, Ferroviaire, Automobile, Aéronautique et Défense.
Nous disposons de ressources globales et d'une expérience de plus de 10 ans nous permettant de mobiliser des équipes et des compétences pour accompagner nos clients dans la réalisation de leurs projets.",
orbium,Orbium,"Informatique, Édition de logiciels, Services de l'information",Paris,France,http://careers.orbium.com/,career@orbium.com,,450,,,"Orbium est une société de conseil en forte croissance, active exclusivement dans le secteur des services financiers. Nous offrons à nos clients notre compétence et notre savoir-faire afin de leur permettre de répondre aux défis techniques et opérationnels auxquels ils sont confrontés.",
redex,Redex,Industrie,Ferrières,France,http://www.redex-group.com,info@redex-group.com,50 Md€,250,,,"REDEX GROUP est une entreprise Française, leader européen dans l'ingénierie mécanique de haute technologie, avec plus de 65 ans d’expertise industrielle derrière elle.
REDEX est spécialisée dans la fourniture de solutions pour les industries de haute précision, tels que la Machine-outil, la Robotique, la Métallurgie et la Sidérurgie, et plus encore.
L’entreprise exporte 90% de sa production et s’appuie sur ses sept filiales et service-centers dans le monde.
",
ikos,Ikos ra,Conseil & Ingénierie,Lyon,France,http://www.ikosconsulting.com,contact@ikosconsulting.com,,650,,,"IKOS est un groupe de conseil spécialisé sur les secteurs du Ferroviaire et de l’Energie. 

650 ingénieurs sont aujourd’hui en projets dans le monde entier grâce aux 12 bureaux d'IKOS implantés en France, Espagne, Belgique, Allemagne, Suisse et plus récemment aux Etats Unis et Royaume-Uni. 

IKOS a été créée en 2005 par deux ingénieurs convaincus du potentiel de l’industrie ferroviaire en France, en Europe et dans le monde.






",
homeserve,Homeserve,Transport,Lyon,France,http://www.homeserve.fr,nina.andreoletti@homeserve.fr,"104,814,900.00 €",450,35,35 000€ - 40 000€,"Société de services pour la maison d'aujourd'hui et de demain, HomeServe France réalise au cœur des foyers français des interventions d'installation, réparation, assistance et dépannage dans les domaines suivants : plomberie, chauffage, électricité, électroménager et maison connectée. 

Filiale du groupe britannique du même nom, leader mondial des services pour la maison, HomeServe France jouit du dynamisme, du sérieux et de la solidité d'un groupe coté au London Stock Exchange.",
novonord,Novo nordisk production,Industrie,Chartres,France,http://novonordisk.com,fbt@novonordisk.com,,1200,33,36 000€ - 38 000€,Leader mondial dans le traitement du diabète,
ikom,Ikom,Audit & Conseil,Villeurbanne,France,http://ikom.fr,recrutement@ikom.fr,"571,000 €",15,,25 000€ - 35 000€,"Société en très forte croissance, IKOM accompagne des sociétés e-commerce leader ou futur leader sur leur marché, dans leur développement en France et en Europe. Nous proposons à des retailers ou des pure-players une nouvelle manière de confier leurs budgets digitaux à un partenaire qui connaît leur métier pour l’avoir exercé.
L'Humain est au cœur d'Ikom et nous sommes convaincus que la satisfaction de nos clients passe par le bonheur de nos collaborateurs.",
mentor,Mentor graphics,"Informatique, Édition de logiciels, Services de l'information",Montbonnot saint-martin,France,http://www.mentor.com,claire_chastel@mentor.com,"1,2 B$",130,,35 000 € - 60 000€,"Mentor Graphics est un éditeur de logiciels d'aide à la conception, à la vérification et à la fabrication des circuits intégrés et cartes électroniques. La société offre également des équipements spécialisés (dénommés émulateurs) pour la vérification fonctionnelle des ASIC. Elle dispose d'autres offres dans le domaine du logiciel embarqué et de la mécanique des fluides numérique. Son siège social est aux USA, proche de Portland (Oregon) et elle est côtée au NASDAQ.",
blbconstructions,Demathieu Bard,BTP,Montigny-lès-metz,France,http://www.demathieu-bard.fr/,recrutement@Demathieu-Bard.fr,1 Mds€,3000,,,"Entreprise fondée en 1861 en Lorraine, Demathieu Bard est aujourd’hui l’un des premiers acteurs indépendants français du secteur de la construction, avec un C.A. d'un milliard d'euros. Le Groupe intervient sur les marchés de la construction, des produits béton et du développement immobilier. Grâce à ses 3000 collaborateurs animés par la même passion d’entreprendre, il livre chaque année, plus de 100 chantiers d’infrastructures, d’ouvrages d’art, d’équipements publics, de logements et bureaux.",
jtekt,Jtekt europe,Industrie,Irigny,France,http://jtekt.co.jp/e/,,"1,3 Md€",4265,40,,"Filiale européenne du groupe international JTEKT (plus de 11 milliards d’euros de chiffre d’affaires / 44.000 salariés), JTEKT Europe couvre l’ensemble de l’Europe avec six sites industriels et six bureaux commerciaux au plus près de nos clients. Spécialisé dans la conception et la production de systèmes de direction pour automobile, nous sommes un équipementier de rang 1, disposant d’un savoir faire reconnu auprès des constructeurs automobiles Européens.",
elsys,Elsys,"Informatique, Télécommunication, Électronique",Villeurbanne,France,http://www.advans-group.com/fr,drh@elsys-design.com,75 M€,1000,33,34 000 € - 38 000 €,"ADVANS GROUP est un partenaire technologique de référence, spécialiste de l’ingénierie des systèmes électroniques, logiciels et mécaniques.

",
generalelectric,General electric,Industrie,Boulogne billancourt,France,http://www.ge.com/fr/carrieres,veronique.barbotin@ge.com,117.4B $,300000,,,"GE est le groupe industriel digital mondial, qui transforme l’industrie grâce à des machines contrôlées par logiciel et des solutions connectées, adaptées et prédictives. GE s’organise autour d’un échange mondial de connaissance, le « GE Store », au sein duquel chaque activité partage et a accès aux mêmes technologies, marchés, structures et intelligences. Fort de ses collaborateurs, ses services, sa technologie, GE produit de meilleurs résultats en parlant le langage de l’industrie.",